id;filename;content_type;file_ext;file_size;file_url;thumbnail_url;blurhash;object_name;object_meta_jason;url_lifespan_in_seconds;url_expired_date;auto_renew_url;is_enabled
1;valuable potentially pish;worth ack pace;barring;5240;aside inborn;oh undergo;off;politely to which;continually;30359.68;2024-10-21T08:54:52;true;false
2;yahoo;making on neglect;option greatly kindheartedly;8939;demonstrate seldom testimonial;around hence;astride heavily redact;duh before;briskly;14725.95;2024-10-20T22:03:43;false;false
3;while badly;spanish;lest concerning;3451;during consequently immaculate;oh amidst;contrail;knottily;bitterly;15007.46;2024-10-20T19:44:29;false;true
4;faraway jubilantly;seriously;yum submissive nearly;13842;blaspheme;pro;skateboard adjudge among;minty comestible fearless;dull;25758.43;2024-10-20T22:28:03;true;true
5;murky;briefly;merrily;17002;gosh huzzah terrorise;apropos;as gadzooks colorfully;gloat;geez;1671.37;2024-10-20T19:33:37;false;false
6;quintessential conceptualize worriedly;low ha once;thankfully;7208;gadzooks that near;astride whenever well-made;the than;pressure woot considering;fill decongestant cheerful;18249.81;2024-10-21T03:25:15;true;true
7;chap;whoever minus brace;crossly evenly;10298;bonnet regularly;gadzooks or;fork;or;misappropriate;32203.09;2024-10-21T09:53:07;true;true
8;of briefly suckle;duh excluding honored;platter;13120;knit;how;while lounge within;now warmly pfft;hmph mmm jovially;30842.33;2024-10-21T00:51:40;true;false
9;ew possible issue;character humor;so;1328;fake;concerning till left;wherever stiffen;boohoo fortunately after;steeple provided;3806.74;2024-10-20T17:52:23;true;true
10;gratefully;oddball;accelerator;19494;ugh possible lest;more;near;eek;brisk mostly vice;25234.98;2024-10-20T20:06:38;false;true
