id;family_name;given_name;display;dob;gender;phone;contacts_jason;is_enabled;agency_id
1;yuck blink interior;honorable bah poppy;french whoever though;2024-10-20;FEMALE;699-829-7557;fatally smart proofread;false;4d2c4444-9877-4387-8feb-dd7bbfbb9c0a
2;hm;overconfidently underneath;although watery access;2024-10-20;MALE;723.230.5286 x8879;bemuse;false;4f803ed9-bf91-4e66-85eb-af3b784d8c9f
3;newsprint;gah next programme;huzzah besides pfft;2024-10-21;MALE;996.298.3402 x158;underneath young;true;a68f03f6-1afb-42b1-bc1f-4af27dc82295
4;vainly;acidic without;whose unearth midst;2024-10-21;MALE;1-703-469-8462 x58862;but frank;false;0bc311ad-2b41-4c0f-818d-2082eb44a8c6
5;stitcher;adumbrate;pharmacopoeia;2024-10-21;FEMALE;(772) 313-7245 x1544;um;true;ed539d5d-9288-4ddd-8d5b-259bfd01f8e1
6;among potentially deafening;whimsical likewise;strictly;2024-10-21;FEMALE;490.574.9338 x47090;interestingly instead because;false;30d91b9f-e05c-4a32-b166-ef9fc9a79e31
7;sophisticated;lest big ick;fax now;2024-10-20;MALE;665.900.9725 x407;expense regularly;false;d5e89ace-608f-4243-b5e1-b8b6030e2871
8;without viciously;marvelous narrowcast;pitiful joyous limply;2024-10-21;MALE;1-388-591-0325 x83243;requite;true;017c7de9-6a4b-4cd4-bbeb-a8d174f16cc8
9;ha though so;mmm furiously ew;tousle soap ew;2024-10-21;FEMALE;307.874.1485 x72277;phooey;false;2a063e64-e9c8-4fd8-bbef-44564a95cda1
10;atop;surprisingly commodity;abandoned;2024-10-21;FEMALE;957.825.1943 x85462;now inwardly whereas;true;b9f63a35-9544-40cb-8c94-8371182b2d9e
